{"is_source_file": false, "format": "", "description": "", "external_files": [], "external_methods": [], "published": [], "classes": [], "methods": [], "calls": [], "search-terms": ["README.md", "simple-to-do-list", "53050-53060"], "state": 2, "file_id": 1, "knowledge_revision": 22, "git_revision": "39044c18fb4d3b5ed5dc8716286317e416af684d", "hash": "4057949e64fd09a778108ee7739331d2", "format-version": 4, "code-base-name": "todo_frontend", "filename": "README.md", "revision_history": [{"22": "39044c18fb4d3b5ed5dc8716286317e416af684d"}]}